player,prediction,assessment,final
Albert Connell,10.0995500758696,13.459999999999999,8.669999999999998
Amani Toomer,8.3056047633696,6.849999999999999,11.360000000000001
Andre Hastings,3.7240617946195993,1.94,5.3100000000000005
Andre Reed,6.518983669619599,5.32,3.666666666666666
Antonio Freeman,9.9657610133696,11.860000000000001,8.389999999999999
Bill Schroeder,8.5839250758696,9.46,7.8
Bobby Engram,6.565858669619599,4.1000000000000005,9.52
Carl Pickens,6.441346950869599,5.516666666666667,7.483999999999999
Corey Bradford,5.724061794619599,5.9399999999999995,6.888888888888889
Cris Carter,8.3085344508696,8.216666666666667,16.977777777777774
Darnay Scott,8.8446672633696,7.133333333333334,11.266666666666666
David Boston,5.243104763369599,3.616666666666667,3.9555555555555557
Dedric Ward,5.724550075869599,5.6499999999999995,2.9
Derrick Mayes,7.571229763369599,8.14,10.22
Ed McCaffrey,8.7684953883696,12.6,7.577777777777778
Eddie Kennison,8.5946672633696,9.28,5.736363636363636
Eric Moulds,9.1005266383696,10.65,9.45
Ernie Mills,5.084657497744599,2.94,2.9499999999999997
Frank Sanders,8.1786516383696,5.449999999999999,7.188888888888889
Ike Hilliard,7.399354763369599,8.033333333333333,7.100000000000001
Isaac Bruce,11.0565813258696,18.499999999999996,9.92
J.J. Stokes,4.749452419619599,2.3333333333333335,5.211111111111111
Jacquez Green,4.145204372744599,2.0799999999999996,7.772727272727272
Jake Reed,6.550721950869599,6.783333333333334,5.0857142857142845
James Jett,5.613221950869599,4.833333333333333,4.2444444444444445
Jerry Rice,7.555116482119599,6.183333333333334,7.720000000000001
Jimmy Smith,9.4257219508696,9.066666666666666,14.320000000000002
Justin Armour,5.656190700869599,5.68,6.175000000000001
Keenan McCardell,7.684511013369599,6.25,8.16
Keith Poole,6.578065700869599,7.959999999999999,7.720000000000001
Kevin Dyson,8.5516985133696,9.6,3.25
Kevin Johnson,7.608339138369599,8.583333333333334,9.250000000000002
Kevin Lockett,4.654481716494599,2.44,4.800000000000001
Keyshawn Johnson,9.9081438258696,10.4,10.32
Marcus Robinson,7.377870388369599,7.816666666666667,14.709999999999999
Marvin Harrison,13.1952532008696,19.54,12.636363636363637
Michael Westbrook,9.7352922633696,14.34,9.354545454545457
Muhsin Muhammad,10.4755266383696,13.020000000000001,10.620000000000001
O.J. McDuffie,7.669862575869599,7.3,3.3000000000000003
Qadry Ismail,7.528261013369599,6.4,10.445454545454545
Randy Moss,9.3895891383696,12.450000000000001,14.198000000000002
Rocket Ismail,9.4520891383696,12.180000000000001,9.072727272727274
Sean Dawkins,6.278749294619599,6.539999999999999,9.681818181818182
Shawn Jefferson,6.292909450869599,6.466666666666666,7.444444444444445
Terance Mathis,8.2850969508696,7.2,9.440000000000001
Terrell Owens,7.722596950869599,9.14,5.744444444444445
Terry Glenn,11.7753313258696,14.319999999999999,7.887500000000001
Terry Mickens,3.6412981227445993,1.8199999999999998,2.142857142857143
Tim Brown,8.8270891383696,8.866666666666667,11.760000000000002
Tony Martin,9.3944719508696,11.38,7.62
Willie Jackson,5.184022732119599,3.8,3.0999999999999996
Yancey Thigpen,9.3602922633696,12.04,5.32
Albert Connell,6.233339138369599,5.55,8.700000000000001
Amani Toomer,6.926210232119599,5.583333333333335,13.1
Antonio Freeman,7.742128200869599,9.433333333333332,9.677777777777779
Az-Zahir Hakim,6.873475857119599,7.260000000000001,5.5
Bill Schroeder,7.638612575869599,9.080000000000002,7.76
Charles Johnson,6.667909450869599,6.816666666666666,7.455555555555557
Cris Carter,7.826600857119599,6.68,13.27272727272727
Darrell Jackson,6.677186794619599,6.6499999999999995,6.33
David Boston,9.5643938258696,12.14,8.709090909090909
David Patten,6.872499294619599,6.5,4.3500000000000005
Dedric Ward,6.738710232119599,5.979999999999999,6.409090909090909
Dennis Northcutt,4.267274685244599,2.6,3.3222222222222224
Donald Driver,5.083925075869599,4.1,2.5857142857142854
Donald Hayes,8.0585344508696,9.780000000000001,5.97
Ed McCaffrey,9.0624407008696,9.566666666666666,12.830000000000002
Eddie Kennison,5.283632107119599,4.666666666666667,4.609999999999999
Eric Moulds,9.9218157008696,10.28,10.327272727272726
Frank Sanders,8.6942766383696,10.400000000000002,5.354545454545455
Herman Moore,5.113221950869599,3.88,4.3
Hines Ward,5.640077419619599,3.9,7.444444444444445
Ike Hilliard,8.2177141383696,9.433333333333334,9.0
Irving Fryar,5.452577419619599,4.433333333333334,7.475
Isaac Bruce,11.2675188258696,18.080000000000002,9.981818181818182
Jacquez Green,8.0292375758696,8.416666666666666,3.788888888888889
James McKnight,6.597108669619599,6.14,7.19
James Thrash,4.692323513369599,3.66,7.244444444444444
Jeremy McDaniel,6.333925075869599,8.239999999999998,3.6818181818181817
Jerome Pathon,6.788026638369599,6.26,5.16
Jerry Rice,7.642518825869599,8.8,6.550000000000002
Joe Horn,9.9237688258696,11.82,11.263636363636364
Keenan McCardell,10.7665422633696,10.866666666666667,7.949999999999998
Kevin Johnson,5.416444607119599,3.6999999999999997,4.361999999999999
Keyshawn Johnson,7.002870388369599,5.283333333333332,10.02
Leslie Shepherd,5.013612575869599,4.0600000000000005,6.942857142857142
Mac Cody,3.7638567164945993,1.6200000000000003,1.0142857142857142
MarTay Jenkins,3.0239885524320993,-0.05999999999999996,1.9777777777777779
Marcus Robinson,9.7567766383696,12.760000000000002,6.483333333333334
Marvin Harrison,11.8026750758696,16.060000000000002,13.0
Muhsin Muhammad,7.592714138369599,7.4799999999999995,10.736363636363636
Oronde Gadsden,5.818788357119599,6.7,7.44
Peerless Price,5.523866482119599,4.26,6.372727272727272
Peter Warrick,6.779237575869599,5.92,7.127272727272729
R. Jay Soward,3.2738664821195993,0.6200000000000001,3.4200000000000004
Randy Moss,10.2265032008696,15.8,14.109090909090908
Reidel Anthony,4.202089138369599,4.319999999999999,5.12
Rod Smith,11.0575578883696,13.033333333333333,14.39
Sean Dawkins,6.053651638369599,4.0,8.309999999999999
Shawn Jefferson,8.3466203883696,8.15,5.674999999999999
Sylvester Morris,7.423768825869599,8.94,3.6339999999999995
Terance Mathis,7.399843044619599,5.599999999999999,6.866666666666666
Terrell Owens,12.2225969508696,16.96,15.044444444444443
Terry Glenn,9.7929094508696,10.6,7.260000000000001
Tim Brown,9.8856828883696,13.36,10.290909090909091
Tony Simmons,3.6476457789945993,2.7600000000000002,3.06
Torry Holt,9.3436907008696,14.02,11.463636363636363
Troy Brown,7.298768825869599,7.716666666666666,7.470000000000001
Wayne Chrebet,7.977479763369599,7.960000000000001,9.236363636363636
Amani Toomer,7.793886013369599,7.3500000000000005,9.010000000000002
Antonio Freeman,6.826112575869599,6.5,7.83
Az-Zahir Hakim,6.070253200869599,6.633333333333333,2.071111111111111
Bill Schroeder,8.2450578883696,12.219999999999999,9.47777777777778
Bobby Engram,4.662538357119599,2.9799999999999995,2.788888888888889
Brandon Stokley,5.070009060244599,3.0,3.9375
Corey Bradford,5.110292263369599,4.216666666666666,5.414285714285714
Cris Carter,8.2206438258696,9.9,6.010000000000001
Curtis Conway,7.026307888369599,8.033333333333333,11.59
Darnay Scott,6.732850857119599,5.933333333333334,6.477777777777778
Darrell Jackson,6.549745388369599,4.74,12.118181818181819
David Boston,10.0448625758696,11.38,13.854545454545455
David Patten,7.641542263369599,10.016666666666667,6.211111111111111
David Terrell,4.359559841494599,2.7199999999999998,4.718181818181818
Dez White,3.9882219508695993,1.52,3.9111111111111114
Donald Hayes,6.805604763369599,5.8999999999999995,4.033333333333333
Eddie Kennison,5.356386013369599,4.279999999999999,4.75
Eric Moulds,6.757753200869599,6.919999999999999,7.645454545454546
Frank Sanders,5.744569607119599,5.04,5.177777777777777
Isaac Bruce,8.1405657008696,7.8999999999999995,9.750000000000002
Isaac Byrd,4.469667263369599,2.783333333333333,5.471428571428571
J.J. Stokes,5.039003200869599,3.8800000000000003,8.11
JaJuan Dawson,4.602235622744599,2.5,3.5999999999999996
Jacquez Green,6.825624294619599,6.32,2.433333333333333
Jake Reed,4.108827419619599,2.1333333333333337,3.0124999999999997
James McKnight,5.509706325869599,4.92,5.427272727272728
James Thrash,8.1708391383696,10.180000000000001,8.41
Jeff Graham,8.6903703883696,9.24,7.8500000000000005
Jerry Rice,8.0614641383696,9.2,11.081818181818182
Joe Horn,7.879823513369599,5.8,13.627272727272727
Joe Jurevicius,7.062440700869599,6.883333333333334,5.657142857142857
Keenan McCardell,6.586854763369599,5.28,10.781818181818181
Kevin Dyson,5.694764919619599,3.7199999999999998,9.627272727272727
Kevin Johnson,8.2362688258696,10.583333333333334,10.020000000000001
Keyshawn Johnson,11.6405657008696,10.959999999999999,7.580000000000001
Koren Robinson,5.663026638369599,3.8400000000000007,4.17
Laveranues Coles,6.631776638369599,8.466666666666667,8.88
MarTay Jenkins,5.130800075869599,4.4399999999999995,5.25
Marty Booker,8.8954485133696,10.872,9.536363636363639
Marvin Harrison,10.8339250758696,16.14,14.72727272727273
Michael Westbrook,5.263612575869599,3.6666666666666665,6.92
Muhsin Muhammad,7.903261013369599,6.616666666666667,4.5600000000000005
Oronde Gadsden,7.195253200869599,6.539999999999999,5.633333333333333
Peerless Price,6.100526638369599,7.640000000000001,9.363636363636363
Peter Warrick,7.708925075869599,5.783333333333334,2.975
Qadry Ismail,8.6630266383696,10.516666666666667,7.574999999999999
Quincy Morgan,5.414003200869599,5.133333333333334,2.51
Randy Moss,8.2938860133696,7.716666666666666,14.196000000000002
Ricky Proehl,5.201600857119599,4.9799999999999995,6.877777777777777
Robert Wilson,4.625673122744599,2.62,2.9200000000000004
Rod Gardner,7.928651638369599,8.616666666666667,4.6
Rod Smith,12.2030657008696,15.433333333333332,12.266666666666666
Ron Dugans,3.4813860133695993,1.52,2.9499999999999993
Shawn Jefferson,6.719667263369599,6.08,3.9444444444444446
Steve Smith,2.2589433864164743,-0.41999999999999993,2.6333333333333333
Tai Streets,4.821718044619599,3.34,2.38
Terance Mathis,6.468202419619599,5.966666666666666,3.2599999999999993
Terrell Owens,11.9081438258696,17.0,14.02727272727273
Tim Brown,9.3153703883696,10.46,10.91818181818182
Todd Pinkston,7.808534450869599,9.8,3.7888888888888883
Torry Holt,7.995057888369599,8.85,12.52
Troy Brown,9.5077532008696,10.216666666666667,9.57
Wayne Chrebet,4.997011013369599,3.766666666666667,7.299999999999999
Willie Jackson,8.0302141383696,6.859999999999999,9.118181818181817
Amani Toomer,8.3495500758696,8.966666666666667,12.87
Antonio Bryant,7.098085232119599,6.699999999999999,6.909999999999999
Antonio Freeman,7.088807888369599,7.380000000000001,4.71
Antwaan Randle El,6.171327419619599,5.540000000000001,3.8545454545454545
Ashley Lelie,4.189637966494599,2.5,5.6
Az-Zahir Hakim,8.5204485133696,7.720000000000001,6.760000000000001
Brian Finneran,7.657167263369599,8.9,8.144444444444444
Chris Chambers,7.764589138369599,8.319999999999999,6.4
Corey Bradford,7.994081325869599,10.42,5.833333333333332
Curtis Conway,10.2118547633696,14.65,8.12
D'Wayne Bates,5.498964138369599,4.8,7.433333333333334
Darrell Jackson,8.1176164821196,6.76,10.599999999999998
David Patten,9.1444719508696,10.616666666666665,5.477777777777778
Dedric Ward,3.6069963649320993,1.3666666666666665,1.5
Deion Branch,8.8251360133696,8.866666666666665,1.2833333333333332
Dennis Northcutt,7.924745388369599,11.82,6.771428571428571
Dez White,6.432069607119599,5.4,5.609090909090909
Donald Driver,9.1522844508696,13.266666666666666,8.580000000000002
Drew Bennett,6.074159450869599,4.98,4.3625
Ed McCaffrey,7.424745388369599,8.033333333333333,5.43
Eric Moulds,11.6698625758696,13.766666666666666,10.729999999999999
Frank Sanders,4.683046169619599,3.66,6.779999999999999
Isaac Bruce,7.809511013369599,7.816666666666666,10.040000000000001
Jabar Gaffney,5.491151638369599,3.9800000000000004,3.450909090909091
James Thrash,8.8475969508696,12.16,6.13
Javon Walker,4.805116482119599,3.7599999999999993,2.022222222222222
Jerome Pathon,6.854432888369599,8.266666666666666,3.814285714285714
Jerry Porter,7.251893825869599,9.279999999999998,8.488888888888887
Jerry Rice,10.4110735133696,12.0,9.372727272727273
Jimmy Smith,8.0370500758696,7.94,9.563636363636364
Joe Horn,9.4677141383696,10.366666666666667,11.120000000000001
Joey Galloway,9.0888078883696,9.683333333333334,8.725
Josh Reed,6.059511013369599,6.3,2.566666666666667
Justin McCareins,5.113221950869599,5.0,3.15
Keenan McCardell,7.036073513369599,7.166666666666668,7.2875
Kevin Dyson,5.666444607119599,3.533333333333333,9.280000000000001
Kevin Johnson,8.0326555446196,6.986666666666667,5.769999999999999
Keyshawn Johnson,8.2421282008696,8.216666666666667,8.95
Koren Robinson,6.392030544619599,4.079999999999999,12.654545454545456
Marty Booker,12.0507219508696,14.919999999999998,7.823636363636364
Marvin Harrison,12.3729875758696,15.26,14.80909090909091
Peerless Price,11.2694719508696,15.116666666666665,8.52
Peter Warrick,5.575624294619599,4.4,7.933333333333334
Qadry Ismail,7.650331325869599,8.4,2.4666666666666663
Quincy Morgan,7.717714138369599,8.26,10.422222222222224
Randy Moss,10.4979875758696,9.080000000000002,12.62909090909091
Ricky Proehl,5.141542263369599,3.9200000000000004,5.1
Rod Gardner,8.3388078883696,9.02,9.41818181818182
Rod Smith,8.8593157008696,8.533333333333333,8.040000000000001
Ron Dugans,5.194032497744599,2.58,3.65
Steve Smith,7.946229763369599,7.533333333333332,5.955555555555557
Terrell Owens,8.9647844508696,11.5,18.266666666666666
Terry Glenn,7.573671169619599,7.1000000000000005,5.455555555555556
Tim Brown,8.1688860133696,8.26,5.781818181818181
Tim Dwight,5.731386013369599,6.316666666666667,5.32
Todd Pinkston,6.960389919619599,6.640000000000001,8.709999999999999
Torry Holt,9.9530657008696,10.033333333333333,9.38
Travis Taylor,5.799501247744599,3.46,10.554545454545455
Amani Toomer,9.1161516383696,10.059999999999999,7.809090909090909
Andre Johnson,9.2606828883696,10.299999999999999,6.281818181818181
Anquan Boldin,10.2362688258696,11.200000000000001,11.45
Antonio Bryant,5.745057888369599,6.140000000000001,4.033333333333334
Antwaan Randle El,4.278993435244599,2.1433333333333335,3.3279999999999994
Ashley Lelie,5.745057888369599,6.950000000000002,3.7399999999999998
Bobby Engram,4.655458278994599,2.6399999999999997,9.5875
Bobby Shaw,7.434511013369599,7.366666666666666,5.666666666666667
Bryant Johnson,6.079530544619599,3.7400000000000007,3.6375
Cedrick Wilson,5.575624294619599,3.1079999999999997,3.9888888888888894
Chad Johnson,9.9813860133696,12.18,12.236363636363636
Chris Chambers,8.2089250758696,9.760000000000002,10.409090909090908
Corey Bradford,6.705995388369599,7.8199999999999985,3.4333333333333327
Curtis Conway,6.432069607119599,4.88,4.690909090909091
Dane Looker,5.627382107119599,5.188000000000001,3.6363636363636362
Dante Hall,4.377382107119599,2.8833333333333333,4.033333333333332
Darnerien McCants,6.700136013369599,9.26,3.657142857142857
Darrell Jackson,8.4677141383696,10.58,11.280000000000001
Deion Branch,6.354921169619599,5.98,6.95
Dennis Northcutt,6.526796169619599,4.82,6.710000000000001
Derrick Mason,10.1132219508696,12.85,10.23
Dez White,7.035096950869599,6.42,4.550000000000001
Donald Driver,6.640565700869599,5.720000000000001,5.06
Donte' Stallworth,5.508729763369599,4.333333333333333,7.76
Eddie Kennison,6.450624294619599,6.083333333333333,7.770000000000001
Eric Moulds,9.5975969508696,10.34,4.0375
Freddie Mitchell,4.363954372744599,2.4200000000000004,5.469999999999999
Ike Hilliard,9.0145891383696,9.299999999999999,6.0249999999999995
Isaac Bruce,9.0946672633696,9.4,9.493333333333332
James Thrash,6.721620388369599,5.300000000000001,3.681818181818181
Javon Walker,6.146425075869599,5.8999999999999995,8.83
Jerry Rice,7.096620388369599,5.666666666666667,6.290000000000001
Joe Horn,8.3153703883696,8.533333333333333,12.017777777777779
Joey Galloway,8.1415422633696,9.08,4.5
Johnnie Morton,7.083925075869599,9.616666666666665,5.522222222222222
Josh Reed,5.194520778994599,2.9000000000000004,6.8999999999999995
Justin McCareins,6.740175075869599,7.666666666666668,7.660000000000001
Keenan McCardell,7.960878200869599,9.96,10.327272727272728
Kelly Campbell,5.128358669619599,6.419999999999999,5.925
Kevin Johnson,7.739198513369599,6.916666666666667,4.433333333333334
Keyshawn Johnson,8.2020891383696,8.24,7.360000000000001
Laveranues Coles,10.1464250758696,11.033333333333333,9.41
Marcus Robinson,3.3563860133695993,1.0,9.512500000000001
Marty Booker,6.206971950869599,5.08,8.674999999999999
Marvin Harrison,11.2479875758696,15.833333333333336,10.277777777777779
Muhsin Muhammad,5.986757107119599,4.22,7.839999999999999
Peerless Price,7.797792263369599,6.1499999999999995,6.5200000000000005
Peter Warrick,8.5712297633696,8.36,9.411111111111111
Plaxico Burress,8.4315813258696,8.049999999999999,5.785714285714286
Quincy Morgan,5.489686794619599,4.5666666666666655,4.180000000000001
Randy Moss,11.5350969508696,17.72,16.036363636363635
Reggie Wayne,7.523378200869599,8.966666666666667,8.0
Robert Ferguson,5.456971950869599,4.34,5.242857142857142
Rod Gardner,8.2465227321196,7.116666666666667,5.7139999999999995
Rod Smith,7.865175075869599,8.58,7.0777777777777775
Steve Smith,7.029725857119599,7.260000000000001,10.99090909090909
Tai Streets,7.449159450869599,8.4,6.387500000000001
Terrell Owens,9.4696672633696,8.933333333333332,12.266666666666667
Tim Brown,6.576600857119599,6.1499999999999995,3.18
Torry Holt,12.2206438258696,16.839999999999996,14.354545454545452
Travis Taylor,5.230409450869599,4.360000000000001,5.963636363636365
Troy Brown,5.688905544619599,4.833333333333333,7.483333333333334
Troy Walters,4.595155544619599,2.6399999999999997,7.2857142857142865
Amani Toomer,7.643495388369599,6.0200000000000005,4.26
Andre Johnson,10.6308000758696,13.866666666666665,6.62
Antwaan Randle El,4.420106716494599,3.2166666666666663,2.6599999999999997
Ashley Lelie,6.770448513369599,8.233333333333334,9.472727272727273
Az-Zahir Hakim,6.088319607119599,7.220000000000001,7.040000000000001
Bobby Engram,5.139833278994599,3.6,5.699999999999999
Bobby Wade,5.919862575869599,4.32,2.9181818181818184
Brandon Stokley,8.5438860133696,10.639999999999999,10.527272727272727
Bryant Johnson,5.705751247744599,3.28,4.744444444444444
Cedrick Wilson,7.471132107119599,6.82,5.400000000000001
Chad Johnson,8.5350969508696,7.88,13.263636363636364
Corey Bradford,4.931581325869599,4.46,5.085714285714286
Curtis Conway,6.932557888369599,5.433333333333334,4.283333333333334
Dante Hall,3.8676164821195993,2.3400000000000003,1.8625000000000005
Darius Watts,4.072938747744599,2.466666666666667,3.38
Darrell Jackson,8.9618547633696,8.72,11.258333333333333
David Givens,7.617128200869599,7.920000000000002,7.311111111111111
David Patten,7.815370388369599,10.179999999999998,7.159999999999999
David Terrell,6.289491482119599,5.24,4.869999999999999
Dennis Northcutt,5.505800075869599,2.9000000000000004,7.510000000000001
Derick Armstrong,5.945253200869599,6.180000000000001,2.075
Derrick Mason,9.1044328883696,9.1,10.390000000000002
Derrius Thompson,4.324647732119599,3.72,5.1625
Dez White,4.738710232119599,4.0200000000000005,3.366666666666666
Donald Driver,9.4804094508696,10.05,10.70909090909091
Donte' Stallworth,7.653749294619599,6.416666666666667,7.988888888888888
Doug Gabriel,4.987245388369599,3.9799999999999995,4.39
Drew Bennett,8.6815813258696,8.206666666666665,16.41111111111111
Eric Moulds,9.6376360133696,11.24,7.090909090909093
Eric Parker,5.044862575869599,4.8,7.959999999999999
Ernest Wilford,4.856874294619599,4.533333333333333,2.38
Ike Hilliard,5.752382107119599,3.7800000000000002,2.381818181818182
Isaac Bruce,9.8710344508696,9.95,9.063636363636364
Jabar Gaffney,5.764589138369599,5.95,5.0625
Javon Walker,10.4052141383696,14.616666666666667,11.018181818181818
Jerry Porter,6.422303982119599,4.083333333333333,12.49
Jimmy Smith,8.5770891383696,8.883333333333335,9.790000000000001
Joe Horn,9.5761125758696,11.450000000000001,13.720000000000002
Johnnie Morton,7.430116482119599,7.040000000000001,8.075
Kelly Campbell,4.279237575869599,3.8600000000000003,2.8375
Keyshawn Johnson,8.1620500758696,8.56,8.054545454545455
Koren Robinson,7.937440700869599,7.7,5.46
Larry Fitzgerald,7.496034450869599,7.139999999999999,8.336363636363636
Laveranues Coles,8.4159563258696,5.533333333333334,6.55
Lee Evans,5.473085232119599,6.16,10.077777777777778
Marty Booker,6.109803982119599,3.8000000000000003,5.346666666666668
Marvin Harrison,8.6669328883696,9.120000000000001,13.233333333333334
Michael Clayton,8.5907610133696,8.9,11.09
Muhsin Muhammad,7.405702419619599,7.3,18.13636363636364
Nate Burleson,7.309511013369599,7.82,11.033333333333333
Peerless Price,5.954042263369599,5.05,5.51111111111111
Quincy Morgan,4.829042263369599,5.066666666666667,3.144444444444444
Randy Hymes,6.397401638369599,6.92,1.3857142857142857
Randy Moss,10.4511125758696,17.776,11.757142857142856
Reggie Wayne,9.4979875758696,12.28,13.774999999999999
Reggie Williams,4.102479763369599,1.52,3.314285714285714
Ricky Proehl,5.438905544619599,3.6599999999999993,3.5888888888888886
Robert Ferguson,4.716981716494599,3.22,3.8000000000000003
Rod Gardner,7.983339138369599,8.7,4.35
Rod Smith,7.639100857119599,7.150000000000001,12.063636363636363
Ronald Curry,6.629823513369599,6.716666666666668,12.66
Shaun McDonald,4.849061794619599,5.1,3.7
Tai Streets,4.612001247744599,1.56,3.025
Terrell Owens,10.8768938258696,16.88,13.011111111111111
Torry Holt,9.6122453883696,12.116666666666665,12.663636363636364
Troy Edwards,5.215272732119599,3.4,3.9000000000000004
Anquan Boldin,11.5741594508696,13.460000000000003,13.044444444444444
Antonio Bryant,8.0516985133696,8.18,7.4818181818181815
Ashley Lelie,6.043886013369599,5.166666666666667,6.711111111111111
Brandon Stokley,6.104432888369599,4.26,5.571428571428571
Brian Finneran,6.276307888369599,5.96,5.4125000000000005
Bryant Johnson,5.186219997744599,2.2199999999999998,4.233333333333334
Chad Johnson,10.5253313258696,14.516666666666667,11.34
Chris Chambers,8.1376360133696,7.959999999999999,13.01818181818182
Chris Henry,5.733827419619599,6.8,7.033333333333334
Dante Hall,4.348329372744599,2.68,4.529999999999999
David Givens,8.1796282008696,6.916666666666667,6.514285714285714
Deion Branch,9.0302141383696,8.283333333333333,8.010000000000002
Dennis Northcutt,5.347596950869599,2.9,4.988888888888889
Derrick Mason,9.0487688258696,8.059999999999999,7.545454545454546
Donald Driver,8.2528703883696,9.24,9.745454545454546
Donte' Stallworth,8.8417375758696,9.320000000000002,8.809999999999999
Drew Bennett,8.0477922633696,7.783333333333334,7.3428571428571425
Eric Moulds,6.768495388369599,5.366666666666667,9.175
Eric Parker,5.725526638369599,4.683333333333334,8.2375
Ernest Wilford,4.110292263369599,3.9499999999999997,8.639999999999999
Greg Lewis,7.178163357119599,6.140000000000001,3.2699999999999996
Ike Hilliard,3.8934953883695993,1.58,3.2875
Jerry Porter,7.366151638369599,5.04,8.927272727272728
Jimmy Smith,8.5419328883696,10.733333333333333,7.389999999999999
Joe Jurevicius,6.514589138369599,8.483333333333333,8.722222222222221
Joey Galloway,11.1171282008696,14.86,12.755555555555556
Josh Reed,4.226014919619599,2.4166666666666665,4.21
Keenan McCardell,7.398378200869599,9.883333333333335,8.7
Kevin Curtis,7.940370388369599,8.700000000000001,6.840000000000001
Keyshawn Johnson,8.0595110133696,8.183333333333334,6.510000000000001
Larry Fitzgerald,11.2245500758696,14.160000000000002,12.2
Lee Evans,5.033143825869599,3.2166666666666663,10.08
Marcus Robinson,5.348085232119599,4.0,6.833333333333333
Mark Clayton,4.618348903994599,1.9000000000000004,5.914285714285714
Marvin Harrison,8.2977922633696,9.383333333333335,14.477777777777776
Matt Jones,5.027284450869599,3.848,5.953999999999999
Michael Clayton,6.151307888369599,4.5,2.483333333333333
Michael Jenkins,5.630800075869599,5.016666666666667,5.242857142857143
Muhsin Muhammad,8.7743547633696,7.159999999999999,7.022222222222222
Plaxico Burress,11.0966203883696,13.419999999999998,8.572727272727272
Reggie Wayne,7.705995388369599,7.800000000000001,9.855555555555554
Reggie Williams,6.077577419619599,3.9333333333333336,3.84
Robert Ferguson,6.629823513369599,8.139999999999999,2.3166666666666664
Rod Smith,8.5712297633696,9.200000000000001,8.799999999999999
Santana Moss,12.3534563258696,17.42,10.263636363636364
Steve Smith,11.3671282008696,16.566666666666666,13.540000000000001
Terry Glenn,10.2968157008696,14.4,8.500000000000002
Tim Dwight,4.114198513369599,4.116666666666666,5.5200000000000005
Torry Holt,11.7147844508696,14.633333333333333,12.1875
Travis Taylor,7.222596950869599,7.44,4.318181818181818
Troy Brown,5.616151638369599,4.159999999999999,6.3
Tyrone Calico,3.3734758571195993,0.6799999999999999,2.283333333333333
Wes Welker,4.777284450869599,3.7399999999999998,2.5777777777777775
Alvis Whitted,4.435487575869599,2.0,2.614285714285714
Andre Johnson,10.8866594508696,12.1,7.781818181818181
Anquan Boldin,10.1688860133696,11.383333333333335,7.880000000000001
Antonio Bryant,7.693300075869599,7.916666666666667,5.4750000000000005
Antwaan Randle El,4.245546169619599,3.08,5.0920000000000005
Arnaz Battle,5.831483669619599,5.883333333333333,5.380000000000001
Ashley Lelie,4.461366482119599,3.0,4.25
Bernard Berrian,8.5761125758696,11.149999999999999,5.637500000000001
Braylon Edwards,8.3104875758696,8.220000000000002,7.636363636363637
Bryan Gilmore,4.452577419619599,4.4399999999999995,1.2399999999999998
Bryant Johnson,6.187928982119599,7.220000000000001,5.959999999999999
Chad Johnson,8.1972063258696,7.4799999999999995,12.9
Chris Chambers,8.2518938258696,8.750000000000002,4.87
Darrell Jackson,9.4091203883696,12.54,11.612499999999999
Dennis Northcutt,5.004579372744599,2.48,1.9333333333333333
Derrick Mason,7.670350857119599,6.199999999999999,5.5600000000000005
Donald Driver,8.7802141383696,8.36,12.48181818181818
Drew Bennett,7.999940700869599,7.3,6.65
Eddie Kennison,6.618593044619599,6.299999999999999,7.827272727272727
Eric Moulds,6.658143825869599,6.68,2.8899999999999997
Eric Parker,6.266053982119599,5.84,3.8599999999999994
Ernest Wilford,5.446229763369599,3.7399999999999998,4.369999999999999
Greg Jennings,8.8700578883696,10.879999999999999,2.977777777777778
Greg Lewis,4.839296169619599,4.966666666666667,2.142857142857143
Isaac Bruce,7.757753200869599,7.466666666666666,8.3
Javon Walker,8.4540422633696,11.120000000000001,10.827272727272728
Jerricho Cotchery,7.261659450869599,8.65,8.27
Josh Reed,5.703065700869599,5.02,4.171428571428572
Kevin Curtis,4.532167263369599,3.28,5.988888888888889
Keyshawn Johnson,9.0106828883696,10.05,4.96
Larry Fitzgerald,8.3417375758696,9.120000000000001,10.625
Laveranues Coles,10.1737688258696,11.950000000000001,7.550000000000002
Lee Evans,8.9354875758696,7.983333333333332,12.73
Mark Clayton,7.069276638369599,6.5,8.190000000000001
Marques Colston,8.5761125758696,10.9,14.4
Marty Booker,5.448182888369599,4.319999999999999,10.11111111111111
Marvin Harrison,9.9218157008696,10.04,14.218181818181817
Michael Clayton,6.268983669619599,5.18,2.8285714285714287
Michael Jenkins,5.677675075869599,4.64,5.690909090909091
Mike Furrey,7.492128200869599,7.366666666666667,9.84
Muhsin Muhammad,7.533143825869599,6.600000000000001,7.470000000000001
Nate Washington,5.613710232119599,6.26,3.933333333333333
Peerless Price,5.181581325869599,3.3833333333333333,3.7699999999999996
Plaxico Burress,8.2411516383696,9.8,10.78
Randy Moss,7.250428982119599,6.840000000000001,5.585714285714286
Rashied Davis,5.154725857119599,5.5,1.5999999999999999
Reche Caldwell,4.536805935244599,2.36,8.063636363636364
Reggie Brown,8.3788469508696,12.25,7.166666666666667
Reggie Wayne,8.3417375758696,8.84,12.8
Reggie Williams,8.5087297633696,10.9,3.127272727272727
Rod Smith,5.617128200869599,3.8199999999999994,4.327272727272727
Roy Williams,9.9393938258696,11.200000000000001,10.2
Samie Parker,5.832460232119599,4.779999999999999,3.536363636363636
Santana Moss,8.4481828883696,11.283333333333333,6.9375
Santonio Holmes,4.351991482119599,2.88,5.614285714285714
Terrell Owens,8.7323625758696,10.34,13.118181818181819
Terry Glenn,8.5263078883696,10.780000000000001,8.790000000000001
Torry Holt,11.6561907008696,15.766666666666666,8.220000000000002
Travis Taylor,6.545350857119599,5.359999999999999,4.8
Troy Walters,4.277528591494599,2.88,1.8124999999999996
Troy Williamson,6.897401638369599,5.119999999999999,2.842857142857144
Wes Welker,7.594667263369599,5.583333333333333,3.9199999999999995
Amani Toomer,7.831971950869599,7.3199999999999985,6.377777777777778
Antwaan Randle El,7.193788357119599,7.280000000000001,4.762222222222222
Arnaz Battle,6.077089138369599,5.76,6.56
Bernard Berrian,8.2558000758696,7.466666666666666,7.829999999999998
Bobby Engram,8.3925188258696,9.8,9.720000000000002
Bobby Wade,6.157655544619599,3.88,5.49090909090909
Brandon Marshall,8.9452532008696,9.24,12.0
Brandon Stokley,5.203553982119599,4.76,8.6375
Braylon Edwards,10.4843157008696,15.866666666666667,12.57
Bryant Johnson,5.392030544619599,3.3666666666666667,4.444444444444445
Chad Johnson,12.1112688258696,15.199999999999998,10.79090909090909
Chris Chambers,8.8739641383696,6.833333333333333,8.120000000000001
Darrell Jackson,6.236757107119599,4.200000000000001,4.669999999999999
Dennis Northcutt,6.993104763369599,7.140000000000001,6.25
Derrick Mason,10.0390032008696,8.516666666666666,8.559999999999999
Donald Driver,8.9052141383696,8.85,7.122222222222222
Donte' Stallworth,6.417909450869599,7.466666666666666,4.8999999999999995
Drew Carter,4.922303982119599,4.779999999999999,5.180000000000001
Dwayne Bowe,8.1317766383696,9.916666666666666,7.777777777777776
Eric Moulds,4.933534450869599,2.4400000000000004,2.75
Ernest Wilford,3.4671037868070993,1.58,5.627272727272726
Ike Hilliard,6.807069607119599,5.716666666666668,4.499999999999999
Jabar Gaffney,3.6088274196195993,2.1399999999999997,8.025
James Jones,7.326600857119599,6.260000000000001,5.537499999999999
Jerricho Cotchery,8.8417375758696,8.283333333333333,8.566666666666668
Jerry Porter,5.969667263369599,7.039999999999999,6.4818181818181815
Joe Horn,4.492128200869599,1.9500000000000002,3.72
Joe Jurevicius,5.488221950869599,5.666666666666667,4.54
Joey Galloway,7.483339138369599,9.733333333333334,8.78888888888889
Josh Cribbs,2.2617815211820993,0.7000000000000001,0.5142857142857143
Keary Colbert,5.349305935244599,3.4166666666666665,2.54
Kevin Curtis,9.8222063258696,13.680000000000001,7.145454545454546
Kevin Walter,6.890565700869599,5.7,8.088888888888889
Larry Fitzgerald,9.9833391383696,9.083333333333332,15.600000000000001
Laveranues Coles,8.5663469508696,9.45,8.78
Lee Evans,5.177430935244599,2.2600000000000002,9.418181818181818
Mark Clayton,4.723085232119599,2.0799999999999996,4.27
Marques Colston,7.199647732119599,6.760000000000001,13.672727272727274
Marty Booker,6.493104763369599,5.3,3.2222222222222223
Michael Jenkins,5.721620388369599,5.216666666666666,5.35
Mike Furrey,6.737733669619599,5.2,5.155555555555556
Muhsin Muhammad,5.493593044619599,4.433333333333334,5.377777777777778
Nate Burleson,6.730897732119599,6.6499999999999995,7.99
Patrick Crayton,7.872987575869599,10.35,5.949999999999999
Plaxico Burress,10.4257219508696,16.45,7.580000000000001
Randy Moss,11.6308000758696,18.166666666666668,17.83
Reggie Brown,5.619569607119599,3.4,8.054545454545455
Reggie Wayne,9.2753313258696,11.860000000000001,13.281818181818181
Roddy White,7.538026638369599,7.966666666666666,10.42
Ronald Curry,7.687440700869599,8.32,4.927272727272728
Roscoe Parrish,5.456971950869599,3.4599999999999995,3.1800000000000006
Roy Williams,9.6669328883696,11.86,7.514285714285714
Sam Hurd,4.121522732119599,3.6,3.233333333333333
Samie Parker,4.713807888369599,3.72,2.5444444444444447
Shaun McDonald,8.0927141383696,9.52,7.172727272727272
Steve Smith,8.7518938258696,11.3125,5.690909090909091
T.J. Houshmandzadeh,13.6542375758696,18.14,8.636363636363637
Ted Ginn,2.9392717555570993,1.45,4.359999999999999
Terrell Owens,9.3934953883696,11.633333333333333,17.355555555555554
Torry Holt,8.5536516383696,9.066666666666666,10.45
Vincent Jackson,6.831483669619599,7.333333333333333,4.033333333333333
Wes Welker,8.9442766383696,9.983333333333333,10.9
Andre Johnson,10.9999407008696,11.76,13.154545454545456
Anthony Gonzalez,6.540956325869599,5.16,5.872727272727272
Antonio Bryant,7.965272732119599,5.82,13.789999999999997
Antwaan Randle El,7.043886013369599,6.709999999999998,4.738
Bernard Berrian,9.0575578883696,11.18,9.23333333333333
Bobby Wade,7.269960232119599,5.74,4.779999999999999
Brandon Jones,4.557802028994599,2.8,4.488888888888889
Brandon Marshall,12.2509172633696,13.0,9.110000000000001
Brandon Stokley,6.692323513369599,6.366666666666667,3.6222222222222222
Braylon Edwards,7.173768825869599,7.38,6.218181818181818
Calvin Johnson,9.1141985133696,10.739999999999998,13.390909090909092
Chad Johnson,5.929139919619599,4.6000000000000005,7.199999999999998
Chris Chambers,6.878846950869599,10.540000000000003,3.466666666666667
Davone Bess,3.3911760524320993,1.06,5.036363636363636
DeSean Jackson,8.3134172633696,8.716666666666667,6.050000000000001
Devery Henderson,6.413026638369599,8.533333333333333,5.488888888888889
Donald Driver,7.049745388369599,7.016666666666667,8.95
Dwayne Bowe,9.3524797633696,8.88,9.072727272727272
Eddie Royal,8.5136125758696,8.719999999999999,9.329999999999998
Greg Camarillo,7.020936794619599,6.460000000000001,6.849999999999999
Greg Jennings,10.6425188258696,14.883333333333333,9.39
Hank Baskett,6.516542263369599,7.3,3.1875
Harry Douglas,4.274843044619599,3.1166666666666667,3.7750000000000004
Hines Ward,8.5565813258696,11.120000000000001,8.75
Ike Hilliard,6.031190700869599,6.316666666666666,2.722222222222222
Isaac Bruce,7.981386013369599,10.86,7.090000000000001
Jason Avant,4.433290310244599,2.433333333333333,5.014285714285714
Jerricho Cotchery,8.2782610133696,10.16,5.800000000000001
Jordy Nelson,5.247499294619599,4.36,2.6799999999999997
Josh Reed,6.140565700869599,4.74,5.25
Kevin Walter,7.579042263369599,8.98,8.663636363636362
Lance Moore,7.427675075869599,7.516666666666666,10.569999999999999
Larry Fitzgerald,10.5067766383696,14.100000000000001,13.05
Laveranues Coles,8.7811907008696,11.22,6.527272727272727
Lee Evans,8.1962297633696,11.080000000000002,6.45
Marvin Harrison,7.662050075869599,8.14,5.090000000000001
Matt Jones,7.687928982119599,6.633333333333333,7.716666666666666
Michael Clayton,4.830018825869599,2.94,4.2444444444444445
Michael Jenkins,5.595155544619599,5.380000000000001,6.88
Muhsin Muhammad,8.4276750758696,9.1,6.57
Patrick Crayton,6.266053982119599,6.8500000000000005,4.875
Randy Moss,7.565370388369599,8.040000000000001,11.145454545454545
Rashied Davis,5.878846950869599,5.116666666666667,3.4
Reggie Wayne,10.7587297633696,14.16,7.245454545454546
Reggie Williams,4.518251247744599,2.3999999999999995,4.711111111111112
Roddy White,10.1698625758696,12.466666666666667,10.58
Roy Williams,7.003846950869599,5.84,3.011111111111111
Santana Moss,10.1591203883696,13.0,7.609999999999999
Santonio Holmes,7.038514919619599,6.82,9.02
Steve Breaston,8.3065813258696,8.74,7.57
Steve Smith,7.871034450869599,7.211111111111112,8.504761904761907
Syndric Steptoe,3.8591936305570993,1.56,1.1999999999999997
T.J. Houshmandzadeh,9.1610735133696,9.666666666666666,7.1625
Ted Ginn,5.030946560244599,2.62,8.836363636363634
Terrell Owens,8.6161516383696,11.533333333333333,9.73
Torry Holt,6.705995388369599,5.4,6.418181818181818
Vincent Jackson,7.870057888369599,9.266666666666666,11.233333333333333
Wes Welker,8.7977922633696,6.460000000000001,9.345454545454546
Andre Caldwell,6.356874294619599,5.816666666666666,2.9999999999999996
Andre Johnson,10.9003313258696,13.533333333333333,13.069999999999999
Anquan Boldin,8.2494524196196,7.06,9.43
Antonio Bryant,5.821229763369599,4.76,7.525
Antwaan Randle El,5.878358669619599,4.180000000000001,2.811111111111112
Austin Collie,6.881776638369599,8.16,6.263636363636363
Bernard Berrian,7.280702419619599,7.08,5.039999999999999
Bobby Wade,6.094667263369599,5.66,3.0714285714285716
Brad Smith,3.1251848414945993,1.9,4.196666666666666
Brandon Marshall,8.1141985133696,9.95,12.911111111111111
Braylon Edwards,6.940858669619599,6.06,5.5636363636363635
Bryant Johnson,6.528261013369599,5.16,3.3900000000000006
Calvin Johnson,8.1688860133696,8.440000000000001,9.944444444444445
David Anderson,3.7507951930570993,1.6666666666666667,3.0
Davone Bess,5.856386013369599,3.72,5.845454545454545
DeSean Jackson,8.5868547633696,10.440000000000001,13.009090909090908
Dennis Northcutt,5.744569607119599,4.42,2.514285714285714
Devery Henderson,6.149843044619599,6.0200000000000005,5.781818181818182
Devin Hester,7.178651638369599,8.06,7.07142857142857
Donald Driver,8.7216203883696,10.559999999999999,7.7416666666666645
Donnie Avery,6.013612575869599,5.016666666666667,5.78
Dwayne Bowe,8.0497453883696,9.4,5.983333333333334
Earl Bennett,6.217225857119599,5.14,5.2727272727272725
Eddie Royal,6.025575466494599,2.96,2.8285714285714287
Greg Camarillo,4.330018825869599,2.3800000000000003,4.33
Jabar Gaffney,5.642030544619599,4.033333333333333,7.625
Jacoby Jones,4.831971950869599,6.3,7.2
Jerricho Cotchery,8.0429094508696,8.4,7.81
Johnny Knox,6.983339138369599,8.08,4.255555555555556
Josh Cribbs,3.4586809352445993,1.6666666666666667,4.832000000000001
Julian Edelman,6.096132107119599,3.8600000000000003,7.9
Kelley Washington,5.827089138369599,5.45,2.8125
Kenny Britt,6.700624294619599,5.78,6.355555555555556
Larry Fitzgerald,10.3427141383696,13.2,11.783333333333331
Laveranues Coles,5.578065700869599,4.8,6.92
Lee Evans,6.377382107119599,5.783333333333334,6.85
Louis Murphy,5.989198513369599,4.54,6.2777777777777795
Mario Manningham,8.2968157008696,10.533333333333333,5.875
Mark Bradley,5.981874294619599,5.348,4.0600000000000005
Marques Colston,9.0585344508696,12.68,8.963636363636363
Michael Jenkins,5.753358669619599,4.04,4.93
Mike Wallace,6.175721950869599,6.283333333333332,8.522222222222222
Mohamed Massaquoi,6.688905544619599,5.5600000000000005,5.029999999999999
Muhsin Muhammad,6.724061794619599,4.1,4.844444444444444
Nate Burleson,8.7997453883696,9.333333333333334,6.6000000000000005
Nate Washington,6.223573513369599,5.733333333333333,6.0
Patrick Crayton,6.671815700869599,6.44,5.836363636363637
Percy Harvin,6.156678982119599,6.550000000000001,9.91111111111111
Pierre Garcon,5.908632107119599,7.06,7.355555555555554
Randy Moss,10.0829485133696,12.266666666666666,12.145454545454548
Reggie Wayne,10.5956438258696,13.98,10.409090909090908
Roddy White,9.4901750758696,12.5,10.818181818181815
Sammie Stroughter,4.616395778994599,2.5166666666666666,4.05
Santana Moss,7.391542263369599,7.983333333333334,5.909999999999999
Sidney Rice,7.431581325869599,8.816666666666666,12.430000000000001
Steve Smith,8.9638078883696,9.345454545454546,10.18
T.J. Houshmandzadeh,8.2489641383696,7.6499999999999995,6.120000000000001
Terrell Owens,6.379335232119599,6.0600000000000005,9.399999999999999
Torry Holt,7.760194607119599,6.783333333333332,3.2777777777777777
Vincent Jackson,9.0087297633696,11.98,11.190000000000001
Andre Johnson,10.7118547633696,12.16,13.725000000000001
Anquan Boldin,8.9540422633696,11.093333333333334,5.710000000000001
Anthony Armstrong,5.925233669619599,5.88,7.37
Antwaan Randle El,3.6183489039945993,1.6600000000000001,3.8400000000000003
Brad Smith,2.8097551539945993,3.0640000000000005,2.7220000000000004
Brandon Lloyd,11.0897844508696,14.050000000000002,12.47
Brandon Marshall,10.9735735133696,10.6,7.188888888888889
Brandon Tate,4.309022732119599,2.84,5.12
Braylon Edwards,7.606386013369599,9.783333333333333,7.209999999999999
Calvin Johnson,9.5184953883696,12.35,12.566666666666668
Chansi Stuckey,5.808046169619599,3.5799999999999996,1.9599999999999997
Danny Amendola,7.835389919619599,5.033333333333332,6.279999999999999
Darrius Heyward-Bey,5.855165310244599,3.2199999999999998,4.185714285714285
Davone Bess,7.715761013369599,7.9799999999999995,6.163636363636363
DeSean Jackson,8.0497453883696,11.700000000000001,10.725000000000001
Deion Branch,6.652772732119599,6.2,8.48
Derrick Mason,7.069764919619599,6.1499999999999995,8.530000000000001
Devery Henderson,6.156190700869599,5.340000000000001,3.7857142857142856
Devin Hester,4.916932888369599,3.8833333333333333,5.120000000000001
Dez Bryant,6.276307888369599,5.42,8.999999999999998
Donald Driver,7.414003200869599,8.116666666666665,4.257142857142858
Dwayne Bowe,7.240175075869599,8.8,16.260000000000005
Earl Bennett,5.007753200869599,2.7,6.833333333333333
Eddie Royal,8.1464250758696,8.333333333333334,4.1
Greg Jennings,7.395448513369599,9.266666666666667,14.280000000000001
Hakeem Nicks,9.9130266383696,12.950000000000001,13.357142857142856
Harry Douglas,5.406678982119599,3.9,1.9166666666666667
Hines Ward,6.431093044619599,6.739999999999999,6.959999999999999
Jabar Gaffney,8.5966203883696,7.800000000000001,5.2700000000000005
Jacoby Jones,5.998964138369599,5.0,4.99
James Jones,5.520936794619599,4.34,8.244444444444444
Jason Avant,5.540956325869599,3.6,4.529999999999999
Jeremy Maclin,8.5497453883696,13.116666666666665,8.81111111111111
Jerricho Cotchery,5.745546169619599,3.6666666666666665,4.714285714285714
Johnny Knox,6.792421169619599,6.566666666666666,9.422222222222222
Jordy Nelson,4.269471950869599,1.9833333333333334,5.2299999999999995
Josh Cribbs,5.081483669619599,4.593333333333334,1.625
Josh Morgan,5.773866482119599,4.3999999999999995,6.122222222222223
Kenny Britt,6.849550075869599,8.98,16.92
Kevin Walter,7.300721950869599,8.919999999999998,5.9375
Lance Moore,7.290956325869599,9.879999999999999,7.290000000000001
Larry Fitzgerald,9.0233782008696,8.420000000000002,9.781818181818181
Louis Murphy,6.863221950869599,6.8500000000000005,4.2625
Marques Colston,7.383729763369599,5.666666666666667,12.266666666666664
Michael Crabtree,7.338807888369599,7.016666666666667,6.8
Micheal Spurlock,4.173768825869599,3.88,1.95
Mike Thomas,7.393983669619599,6.95,8.411111111111111
Mike Wallace,6.954042263369599,9.62,12.863636363636363
Mike Williams,7.472596950869599,6.840000000000001,9.321052631578947
Miles Austin,10.2079485133696,12.2,8.945454545454545
Nate Washington,6.192323513369599,6.783333333333334,6.32
Percy Harvin,7.539003200869599,8.739999999999998,9.755555555555555
Randy Moss,8.0263078883696,10.3,2.966666666666667
Reggie Wayne,10.8104875758696,11.700000000000001,9.93
Robert Meachem,5.538514919619599,6.18,7.144444444444446
Roddy White,10.8866594508696,12.1,12.460000000000003
Roy Williams,8.1825578883696,11.719999999999999,2.5500000000000003
Santana Moss,9.0448625758696,8.700000000000001,9.070000000000002
Steve Johnson,7.169862575869599,9.08,10.9
Steve Smith,7.736268825869599,7.24,4.830769230769231
T.J. Houshmandzadeh,4.535096950869599,3.7599999999999993,4.333333333333333
Terrell Owens,10.8847063258696,11.919999999999998,11.5875
Wes Welker,8.7645891383696,9.0,8.180000000000001
A.J. Green,9.0565813258696,11.649999999999999,9.233333333333334
Andre Caldwell,5.721132107119599,4.04,4.916666666666667
Anquan Boldin,8.1425188258696,8.28,7.2555555555555555
Antonio Brown,6.240175075869599,4.683333333333334,9.88
Arrelious Benn,5.633729763369599,6.016666666666666,3.1624999999999996
Ben Obomanu,5.926698513369599,5.359999999999999,3.01
Brandon Gibson,6.405702419619599,5.58,3.257142857142857
Brandon LaFell,5.389589138369599,5.06,6.0
Brandon Marshall,9.6239641383696,9.64,9.863636363636363
Brian Hartline,6.332460232119599,5.76,3.6666666666666665
Calvin Johnson,11.4374407008696,18.4,15.279999999999998
Chad Johnson,4.211610622744599,2.7199999999999998,4.0
Darrius Heyward-Bey,7.976503200869599,8.1,9.875
David Nelson,7.191346950869599,7.316666666666666,5.1899999999999995
Davone Bess,6.079530544619599,4.16,3.9099999999999993
DeSean Jackson,8.2567766383696,9.583333333333334,7.188888888888887
Deion Branch,8.4481828883696,9.78,7.328571428571428
Denarius Moore,6.427675075869599,8.66,8.657142857142857
Devery Henderson,6.366151638369599,8.16,2.8
Devin Hester,6.865663357119599,6.44,2.02
Donald Driver,4.885194607119599,4.42,5.840000000000001
Doug Baldwin,7.377870388369599,8.96,5.779999999999999
Dwayne Bowe,9.6571672633696,13.440000000000001,7.263636363636363
Early Doucet,7.608339138369599,7.38,5.636363636363638
Emmanuel Sanders,4.576600857119599,3.8600000000000003,4.42
Eric Decker,8.3847063258696,9.74,5.86
Greg Jennings,9.7020891383696,12.833333333333334,10.271428571428572
Greg Little,6.270936794619599,4.0600000000000005,6.409999999999999
Hakeem Nicks,9.4540422633696,11.466666666666667,10.266666666666666
Harry Douglas,4.851259060244599,2.7399999999999998,5.3
Hines Ward,6.402772732119599,5.95,1.7714285714285716
Jabar Gaffney,7.294374294619599,7.06,8.74
Jacoby Jones,5.671815700869599,4.720000000000001,4.588888888888889
James Jones,5.832460232119599,7.383333333333333,7.65
Jason Avant,6.975526638369599,5.96,4.455555555555556
Jeremy Maclin,9.3690813258696,10.833333333333334,7.0
Jerome Simpson,6.964784450869599,5.883333333333334,7.6499999999999995
Johnny Knox,5.813417263369599,4.916666666666667,6.65
Jordy Nelson,7.647401638369599,10.883333333333335,15.1
Josh Cribbs,5.663026638369599,4.8,5.5777777777777775
Julio Jones,8.2011125758696,7.3199999999999985,15.842857142857142
Lance Moore,6.357362575869599,5.6,9.18888888888889
Larry Fitzgerald,9.3427141383696,10.94,12.218181818181819
Legedu Naanee,5.264100857119599,2.816666666666667,3.4971428571428573
Malcom Floyd,6.167909450869599,6.359999999999999,11.971428571428572
Mario Manningham,6.559022732119599,4.540000000000001,8.933333333333332
Michael Crabtree,6.558534450869599,4.18,9.110000000000001
Michael Jenkins,6.081483669619599,5.683333333333333,6.1
Mike Thomas,7.601991482119599,5.95,1.4333333333333331
Mike Wallace,9.9794328883696,14.333333333333334,8.5
Mike Williams,6.462343044619599,4.711111111111111,5.614285714285714
Mohamed Massaquoi,6.961854763369599,6.88,2.2857142857142856
Nate Burleson,6.060487575869599,5.083333333333333,6.9700000000000015
Nate Washington,8.5927141383696,8.98,9.627272727272727
Percy Harvin,6.730409450869599,6.650000000000001,13.530000000000001
Pierre Garcon,9.0194719508696,11.533333333333333,6.03
Plaxico Burress,6.806581325869599,6.760000000000001,8.377777777777778
Preston Parker,6.138612575869599,6.083333333333333,3.825
Randall Cobb,4.145448513369599,3.6666666666666674,2.0
Reggie Wayne,8.1737688258696,7.5,7.500000000000002
Robert Meachem,6.635194607119599,7.299999999999998,7.0
Roddy White,8.8046282008696,8.216666666666667,12.830000000000002
Santana Moss,7.997987575869599,8.08,6.0
Santonio Holmes,6.993104763369599,7.783333333333334,7.48888888888889
Steve Breaston,5.982362575869599,6.9799999999999995,5.281818181818182
Steve Johnson,8.8622453883696,10.366666666666665,8.02
Steve Smith,8.3915422633696,9.977777777777778,9.3
Titus Young,5.950624294619599,4.18,8.588888888888889
Victor Cruz,8.3641985133696,11.22,14.980000000000004
Vincent Jackson,8.8944719508696,11.78,10.072727272727272
Wes Welker,13.6581438258696,19.400000000000002,9.749999999999998
A.J. Green,11.9960344508696,16.650000000000002,10.29
Andre Johnson,7.577089138369599,7.966666666666668,13.6
Andre Roberts,7.483339138369599,9.066666666666668,6.044444444444445
Andrew Hawkins,7.223573513369599,7.866666666666667,4.137499999999999
Anquan Boldin,8.0067766383696,8.199999999999998,8.399999999999999
Antonio Brown,8.8798235133696,7.9799999999999995,8.149999999999999
Brandon Gibson,6.399354763369599,6.583333333333333,7.45
Brandon Lloyd,8.6610735133696,7.683333333333334,6.9
Brandon Marshall,11.2040422633696,13.52,13.545454545454545
Brandon Stokley,5.814882107119599,6.6000000000000005,5.6000000000000005
Brian Hartline,10.4149797633696,11.48,5.49
Calvin Johnson,11.1503313258696,12.36,14.418181818181818
Chaz Schilens,4.330995388369599,2.4200000000000004,4.466666666666668
Damian Williams,4.426210232119599,2.1166666666666667,2.814285714285714
Danny Amendola,9.5956438258696,10.059999999999999,5.183333333333333
Davone Bess,7.672792263369599,6.466666666666668,6.428571428571429
DeSean Jackson,8.7245500758696,8.6,5.9399999999999995
Demaryius Thomas,9.3466203883696,11.033333333333333,13.12
Derek Hagan,5.144471950869599,3.7400000000000007,1.44
Dexter McCluster,6.000917263369599,3.44,3.7000000000000006
Dez Bryant,9.4286516383696,9.68,14.3
Domenik Hixon,6.946229763369599,6.28,5.328571428571429
Donald Jones,5.514589138369599,5.233333333333333,6.1499999999999995
Donnie Avery,7.857362575869599,6.4799999999999995,6.766666666666667
Doug Baldwin,4.639589138369599,3.88,3.9111111111111105
Dwayne Bowe,9.7118547633696,10.116666666666667,5.8999999999999995
Early Doucet,4.873231716494599,2.38,1.94
Emmanuel Sanders,5.790956325869599,3.72,4.64
Eric Decker,9.0956438258696,10.35,12.23
Golden Tate,6.159120388369599,7.4,8.746666666666666
Harry Douglas,4.613710232119599,2.5666666666666664,4.357142857142857
James Jones,7.800721950869599,11.5,10.377777777777778
Jason Avant,4.657899685244599,3.0500000000000003,5.8125
Jeremy Kerley,6.364198513369599,6.916666666666667,4.968000000000001
Jeremy Maclin,7.928651638369599,9.5,8.68888888888889
Jonathan Baldwin,5.331971950869599,3.8600000000000003,3.84
Jordy Nelson,8.8563860133696,10.833333333333334,10.3
Josh Cribbs,2.6137102321195993,0.13999999999999999,0.6333333333333332
Josh Gordon,6.061464138369599,7.566666666666666,6.3100000000000005
Josh Morgan,4.770448513369599,3.35,5.044444444444443
Julio Jones,8.8895891383696,10.299999999999999,12.1
Kendall Wright,7.793886013369599,6.416666666666667,5.166666666666667
Kevin Walter,5.184022732119599,4.416666666666667,4.144444444444445
Larry Fitzgerald,9.8446672633696,10.166666666666666,4.279999999999999
Leonard Hankerson,5.939882107119599,5.38,4.590000000000001
Malcom Floyd,7.582948513369599,7.966666666666666,7.95
Mario Manningham,6.480897732119599,6.366666666666666,2.85
Marques Colston,10.3671282008696,13.280000000000001,9.545454545454545
Michael Crabtree,7.481386013369599,6.616666666666667,12.56
Michael Jenkins,5.792421169619599,4.366666666666667,3.411111111111111
Mike Thomas,3.5623186305570993,0.86,2.022222222222222
Mike Wallace,8.4872453883696,11.72,7.17
Mike Williams,7.540956325869599,10.24,9.41090909090909
Miles Austin,8.0780657008696,10.22,8.577777777777778
Nate Washington,6.806581325869599,7.516666666666667,5.3500000000000005
Randall Cobb,7.226503200869599,7.566666666666667,11.7375
Randy Moss,4.954042263369599,4.68,4.222222222222221
Reggie Wayne,12.6561907008696,13.860000000000003,8.518181818181818
Roddy White,10.1561907008696,13.216666666666667,9.78
Santana Moss,5.545350857119599,5.716666666666666,7.040000000000001
Sidney Rice,6.529725857119599,6.666666666666665,7.971428571428571
Steve Johnson,8.3485735133696,8.266666666666666,8.9
Steve Smith,6.263124294619599,5.177777777777778,7.757142857142858
T.J. Graham,4.631532497744599,3.18,2.28
Titus Young,4.943300075869599,3.9800000000000004,8.8
Torrey Smith,7.859315700869599,10.783333333333333,6.969999999999999
Victor Cruz,11.2753313258696,14.266666666666666,8.360000000000001
Vincent Jackson,9.3602922633696,12.2,11.399999999999999
Wes Welker,11.0731828883696,12.033333333333333,9.92
A.J. Green,10.4061907008696,11.733333333333334,13.820000000000002
Aaron Dobson,6.940370388369599,5.800000000000001,7.816666666666666
Alshon Jeffery,8.9774797633696,10.799999999999999,12.78
Andre Johnson,9.7460344508696,8.25,12.12
Andre Roberts,5.287050075869599,2.9999999999999996,4.409999999999999
Anquan Boldin,8.4999407008696,9.016666666666667,10.69
Antonio Brown,11.0878313258696,12.76,12.281818181818181
Austin Pettis,6.916932888369599,7.8999999999999995,2.0625
Brandon Marshall,10.1659563258696,12.75,12.5
Brian Hartline,8.3143938258696,9.04,7.309090909090909
Brian Quick,3.7694719508695993,2.65,5.26
Calvin Johnson,9.3788469508696,11.54,17.944444444444443
Cecil Shorts,10.2558000758696,9.42,6.942857142857142
Chris Givens,6.059022732119599,4.116666666666667,3.4444444444444446
Cordarrelle Patterson,3.6095598414945993,1.7000000000000004,8.745454545454546
Darrius Heyward-Bey,4.490175075869599,2.55,3.457142857142857
Davone Bess,6.232850857119599,3.716666666666667,2.9875
DeAndre Hopkins,6.972108669619599,6.333333333333333,5.220000000000001
DeSean Jackson,10.6102922633696,14.816666666666668,9.849999999999998
Demaryius Thomas,9.7958391383696,12.799999999999999,15.02
Denarius Moore,9.5184953883696,12.779999999999998,5.085714285714286
Dexter McCluster,4.720643825869599,2.34,5.7666666666666675
Dez Bryant,9.8886125758696,13.316666666666668,11.95
Donnie Avery,6.372499294619599,5.866666666666667,3.888888888888889
Doug Baldwin,6.401307888369599,6.783333333333332,7.522222222222222
Dwayne Bowe,6.209413357119599,5.816666666666666,6.933333333333334
Earl Bennett,4.216249294619599,4.0,3.5375
Emmanuel Sanders,8.0453508571196,7.219999999999999,6.945454545454544
Eric Decker,8.9286516383696,9.616666666666667,13.51
Golden Tate,6.744569607119599,5.966666666666666,8.709999999999999
Greg Jennings,7.417909450869599,8.120000000000001,6.380000000000001
Greg Little,6.492128200869599,4.42,3.6399999999999992
Hakeem Nicks,8.9198625758696,8.84,5.044444444444445
Harry Douglas,5.793397732119599,3.9800000000000004,8.618181818181817
Jacoby Ford,3.0524309352445993,1.05,0.62
Jason Avant,5.808534450869599,4.0,3.8375000000000004
Jeremy Kerley,6.160096950869599,5.62,6.185714285714285
Jerome Simpson,8.0165422633696,7.4399999999999995,3.763636363636363
Jordy Nelson,10.1161516383696,14.48,9.727272727272727
Josh Morgan,4.196229763369599,2.42,1.325
Julian Edelman,9.3974016383696,9.033333333333333,8.85
Keenan Allen,7.876893825869599,9.040000000000001,10.34
Kendall Wright,7.599550075869599,6.583333333333333,8.040000000000001
Keshawn Martin,3.8469865993070993,1.6799999999999997,3.3625000000000003
Kris Durham,6.294374294619599,5.5,3.9375
Larry Fitzgerald,8.9052141383696,10.483333333333333,9.129999999999999
Leonard Hankerson,6.638612575869599,6.82,4.279999999999999
Marlon Brown,6.889589138369599,7.9799999999999995,6.033333333333333
Marques Colston,6.711854763369599,6.400000000000001,9.544444444444444
Marvin Jones,5.677186794619599,7.32,10.11
Michael Floyd,7.307557888369599,6.75,9.359999999999998
Mike Wallace,7.857362575869599,6.8199999999999985,8.381818181818183
Mohamed Sanu,5.638368435244599,3.366666666666667,3.7900000000000005
Nate Washington,7.631776638369599,8.283333333333333,6.688888888888888
Pierre Garcon,10.4472063258696,10.76,10.063636363636363
Riley Cooper,6.089784450869599,6.659999999999999,9.820000000000002
Robert Woods,7.042421169619599,6.833333333333333,4.6625000000000005
Rod Streater,6.025331325869599,5.716666666666668,7.820000000000002
Roddy White,4.828065700869599,2.5799999999999996,9.275
Rueben Randle,7.431581325869599,8.549999999999999,6.257142857142858
Steve Johnson,7.479432888369599,7.4799999999999995,5.614285714285715
Steve Smith,7.667909450869599,6.88,6.410000000000001
T.J. Graham,4.372987575869599,2.65,4.514285714285714
T.Y. Hilton,7.867128200869599,8.516666666666666,8.780000000000001
Tavon Austin,6.254823513369599,5.12,8.0
Ted Ginn,6.144960232119599,7.419999999999999,4.672727272727273
Terrance Williams,6.702089138369599,8.16,5.644444444444444
Torrey Smith,9.4218157008696,10.466666666666667,7.400000000000001
Victor Cruz,10.3759172633696,13.016666666666666,5.4625
Vincent Brown,6.279237575869599,4.983333333333333,2.9125
Vincent Jackson,9.8729875758696,10.52,10.163636363636364
Wes Welker,9.7069719508696,13.966666666666667,7.428571428571429
Allen Hurns,7.051698513369599,7.966666666666666,6.133333333333334
Alshon Jeffery,8.9120500758696,10.666666666666666,11.26
Andre Johnson,8.4774797633696,7.316666666666667,6.75
Andre Roberts,6.302675075869599,5.666666666666667,2.1399999999999997
Anquan Boldin,7.969667263369599,7.616666666666667,9.089999999999998
Antonio Brown,11.4315813258696,15.729999999999999,15.552000000000001
Brandin Cooks,8.1288469508696,7.580000000000001,9.680000000000001
Brandon Marshall,8.0028703883696,9.683333333333332,8.571428571428573
Brandon Tate,4.394960232119599,3.4599999999999995,1.3500000000000003
Brenton Bersin,3.2789934352445993,1.6600000000000001,2.1333333333333333
Calvin Johnson,8.2011125758696,9.360000000000003,13.6125
Cole Beasley,3.8995989039945993,1.8166666666666667,5.677777777777778
Cordarrelle Patterson,6.045350857119599,6.016666666666666,3.0000000000000004
Corey Brown,4.230165310244599,2.52,6.083333333333333
Damaris Johnson,4.328553982119599,4.0200000000000005,2.0900000000000003
Davante Adams,5.630800075869599,4.54,4.9125000000000005
DeAndre Hopkins,7.392518825869599,9.1,10.040000000000001
DeSean Jackson,8.4745500758696,10.916666666666666,8.7625
Demaryius Thomas,11.2225969508696,14.62,14.07272727272727
Devin Hester,5.472108669619599,6.3,3.577777777777778
Dez Bryant,9.6171282008696,11.316666666666668,16.01
Doug Baldwin,5.459901638369599,3.7399999999999998,7.509090909090907
Eddie Royal,7.524354763369599,10.4,6.311111111111112
Emmanuel Sanders,9.8388078883696,9.799999999999999,13.618181818181819
Eric Decker,7.590761013369599,8.760000000000002,8.24
Golden Tate,9.1347063258696,9.316666666666666,10.42
Greg Jennings,6.287050075869599,5.466666666666668,7.739999999999999
Hakeem Nicks,5.415468044619599,4.35,5.485714285714287
James Jones,8.3134172633696,9.760000000000002,4.709090909090909
Jarius Wright,6.161561794619599,4.58,7.442857142857143
Jason Avant,5.284120388369599,3.983333333333333,1.9444444444444444
Jeremy Kerley,5.935487575869599,3.8666666666666667,3.575
Jeremy Maclin,9.5243547633696,11.416666666666664,12.33
Jermaine Kearse,5.120057888369599,4.696,3.888888888888888
Jerricho Cotchery,6.474061794619599,5.24,3.78
John Brown,6.223573513369599,6.76,6.5200000000000005
Jordan Matthews,6.434999294619599,5.766666666666666,11.177777777777777
Jordy Nelson,11.8104875758696,15.533333333333333,13.670000000000002
Julian Edelman,9.0097063258696,8.566666666666666,9.9
Julio Jones,11.3134172633696,13.016666666666667,12.811111111111112
Justin Hunter,6.471620388369599,6.233333333333334,5.066666666666667
Keenan Allen,6.792909450869599,4.933333333333333,8.587499999999999
Kelvin Benjamin,9.1395891383696,10.6,8.920000000000002
Kendall Wright,6.946718044619599,7.2,8.4625
Larry Fitzgerald,6.912538357119599,6.04,6.466666666666665
Malcom Floyd,7.595643825869599,10.84,6.74
Markus Wheaton,6.504335232119599,4.866666666666666,5.455555555555557
Michael Crabtree,7.608339138369599,7.983333333333333,4.63
Michael Floyd,7.349550075869599,7.359999999999999,9.055555555555555
Mike Evans,7.364198513369599,7.56,13.930000000000001
Mike Wallace,8.9589250758696,10.9,9.129999999999999
Miles Austin,6.318788357119599,6.359999999999999,5.285714285714286
Mohamed Sanu,9.1854875758696,12.104,5.5218181818181815
Nate Washington,5.168153591494599,3.2,6.7444444444444445
Percy Harvin,5.969667263369599,5.3,6.5
Pierre Garcon,7.674745388369599,7.150000000000001,5.029999999999999
Preston Parker,4.424989528994599,2.76,3.8000000000000007
Randall Cobb,8.5936907008696,12.633333333333333,12.459999999999999
Reggie Wayne,8.6200578883696,7.983333333333334,4.444444444444445
Riley Cooper,6.168397732119599,4.283333333333334,4.8
Robert Woods,6.507753200869599,4.9,6.850000000000001
Roddy White,7.554628200869599,7.459999999999999,10.533333333333333
Rueben Randle,7.323671169619599,6.116666666666667,7.51
Sammy Watkins,7.562928982119599,7.183333333333334,8.99
Steve Johnson,5.799257107119599,5.933333333333334,5.180000000000001
Steve Smith,10.2479875758696,13.216666666666667,6.119999999999999
T.Y. Hilton,10.2352922633696,11.15,13.700000000000001
Taylor Gabriel,5.352479763369599,4.4799999999999995,4.670000000000001
Terrance Williams,7.122011013369599,10.333333333333334,6.012499999999999
Torrey Smith,6.261659450869599,6.783333333333334,12.749999999999998
Travis Benjamin,5.074647732119599,6.779999999999999,2.3714285714285714
Vincent Jackson,8.3934953883696,7.733333333333333,6.38
A.J. Green,9.5897844508696,11.85,11.660000000000002
Allen Hurns,8.7538469508696,11.333333333333334,10.344444444444447
Allen Robinson,10.0429094508696,13.133333333333333,14.520000000000001
Amari Cooper,9.0536516383696,9.76,9.190000000000001
Anquan Boldin,7.765565700869599,7.55,6.95
Antonio Brown,10.0302141383696,11.116666666666667,17.549999999999997
Brandin Cooks,7.664003200869599,7.050000000000001,12.73
Brandon Marshall,11.2968157008696,14.219999999999999,14.463636363636363
Bryan Walters,5.802675075869599,4.46,3.4166666666666665
Calvin Johnson,9.6766985133696,9.8,11.46
Cecil Shorts,8.1141985133696,6.779999999999999,6.808
Chris Hogan,5.493104763369599,6.012,3.4375
Cole Beasley,5.978456325869599,3.8800000000000003,6.688888888888889
Corey Brown,4.185487575869599,3.6399999999999997,6.033333333333333
Danny Amendola,5.769471950869599,5.32,6.304444444444445
DeAndre Hopkins,13.7362688258696,17.1,11.55
Demaryius Thomas,10.7186907008696,9.450000000000001,10.57
Donte Moncrief,8.4491594508696,9.783333333333333,5.0600000000000005
Doug Baldwin,6.634218044619599,6.849999999999999,14.979999999999999
Dwayne Harris,4.949647732119599,4.24,4.937499999999999
Emmanuel Sanders,10.3661516383696,11.783333333333331,9.7125
Golden Tate,7.869569607119599,5.966666666666668,8.360000000000003
Harry Douglas,4.577577419619599,2.7,4.111111111111111
James Jones,8.0839250758696,13.066666666666668,7.324999999999999
Jamison Crowder,6.244569607119599,4.1000000000000005,4.7875
Jarvis Landry,9.1600969508696,8.879999999999999,10.26909090909091
Jeremy Maclin,9.5722063258696,9.816666666666666,10.811111111111112
John Brown,8.8212297633696,10.166666666666668,10.1875
Jordan Matthews,8.4945696071196,7.066666666666666,10.330000000000002
Jordan Norwood,4.106141872744599,1.6,2.54
Julio Jones,12.0175188258696,14.633333333333333,14.529999999999998
Kamar Aiken,7.161073513369599,7.3,8.59
Kendall Wright,7.283143825869599,8.2,3.9
Lance Moore,5.797303982119599,5.466666666666666,3.816666666666667
Larry Fitzgerald,10.9433000758696,15.383333333333333,7.92
Malcom Floyd,6.175233669619599,6.166666666666667,5.014285714285713
Markus Wheaton,5.022401638369599,4.933333333333333,7.529999999999999
Marques Colston,5.872499294619599,4.0,6.999999999999999
Marquess Wilson,6.758729763369599,6.959999999999999,3.5200000000000005
Marvin Jones,7.363221950869599,8.5,6.277777777777777
Michael Crabtree,8.5634172633696,7.5600000000000005,9.854545454545457
Michael Floyd,5.360292263369599,4.279999999999999,11.055555555555554
Mike Wallace,7.005800075869599,6.32,3.144444444444444
Mohamed Sanu,5.393983669619599,4.566666666666667,3.11
Odell Beckham,10.1503313258696,12.199999999999998,16.677777777777777
Pierre Garcon,8.0673235133696,7.916666666666667,6.62
Quinton Patton,4.555604763369599,3.78,3.0
Randall Cobb,8.4110735133696,10.033333333333333,6.369999999999999
Rishard Matthews,8.3104875758696,10.860000000000001,7.26
Robert Woods,5.160096950869599,4.183333333333334,5.7625
Rueben Randle,6.434022732119599,6.3500000000000005,8.96
Ryan Grant,4.729677028994599,2.3333333333333335,4.96
T.Y. Hilton,9.0751360133696,8.6,9.080000000000002
Tavon Austin,6.673768825869599,9.66,8.399999999999999
Taylor Gabriel,4.501893825869599,2.4499999999999997,1.48
Ted Ginn,6.713807888369599,8.08,11.055555555555555
Torrey Smith,6.869081325869599,8.86,5.1125
Travis Benjamin,9.6962297633696,12.466666666666667,5.444444444444445
Vincent Jackson,7.871034450869599,8.52,5.9399999999999995
Willie Snead,6.775331325869599,6.7,8.350000000000001
Adam Humphries,6.278749294619599,4.46,5.37
Adam Thielen,6.568300075869599,6.640000000000001,9.3
Allen Hurns,7.566346950869599,7.2,5.9399999999999995
Allen Robinson,8.6835344508696,9.34,7.054545454545456
Alshon Jeffery,8.1737688258696,8.116666666666667,7.566666666666667
Amari Cooper,10.0282610133696,10.75,8.08
Andrew Hawkins,4.838319607119599,3.9,3.375
Anquan Boldin,6.952089138369599,7.066666666666667,6.4
Antonio Brown,10.6571672633696,13.200000000000001,13.566666666666666
Brandin Cooks,9.4989641383696,12.54,10.56
Brandon LaFell,7.039979763369599,7.783333333333334,7.529999999999999
Brandon Marshall,9.0155657008696,9.216666666666667,4.611111111111111
Breshad Perriman,4.956727810244599,2.9000000000000004,6.337500000000001
Brian Quick,6.034120388369599,7.88,3.6125
Chris Conley,5.796327419619599,3.96,3.3200000000000003
Chris Hogan,5.978456325869599,6.739999999999999,7.15
Cole Beasley,8.2265032008696,10.040000000000001,5.63
Cordarrelle Patterson,4.274354763369599,3.3200000000000003,4.09090909090909
Corey Brown,5.198182888369599,3.616666666666667,1.3125
Danny Amendola,4.481874294619599,4.333333333333334,4.0600000000000005
Davante Adams,6.536073513369599,7.56,11.990909090909092
DeAndre Hopkins,8.7089250758696,8.9,6.933333333333333
DeSean Jackson,7.059511013369599,6.55,9.466666666666667
DeVante Parker,7.014100857119599,6.7,6.49
Demaryius Thomas,8.2977922633696,9.266666666666667,7.87
Dontrelle Inman,5.040468044619599,3.983333333333334,8.11
Dorial Green-Beckham,4.489930935244599,2.62,4.762500000000001
Doug Baldwin,8.4433000758696,9.540000000000001,10.172727272727272
Emmanuel Sanders,9.2333391383696,9.883333333333333,8.255555555555555
Golden Tate,6.949159450869599,6.033333333333334,9.39
Jamison Crowder,6.906190700869599,7.566666666666667,7.909999999999999
Jarvis Landry,9.4501360133696,9.200000000000001,8.01
Jeremy Kerley,7.958925075869599,7.266666666666668,3.91
Jeremy Maclin,7.738221950869599,7.040000000000001,5.05
Jermaine Kearse,4.985292263369599,2.7399999999999998,4.33
John Brown,7.521913357119599,5.8,5.766666666666667
Jordan Matthews,8.1718157008696,9.28,5.777777777777779
Jordan Norwood,4.262880153994599,2.24,1.7142857142857142
Jordy Nelson,9.3778703883696,11.84,13.5
Julian Edelman,6.867128200869599,4.999999999999999,10.03
Julio Jones,10.4725969508696,14.933333333333337,10.9125
Kelvin Benjamin,10.1747453883696,12.68,7.07
Kenny Britt,8.3964250758696,9.866666666666667,7.666666666666667
Kenny Stills,5.961854763369599,6.74,9.29
Larry Fitzgerald,9.6464250758696,11.916666666666666,6.529999999999999
Marqise Lee,6.367128200869599,4.6,8.639999999999999
Marquise Goodwin,5.580507107119599,5.7,4.075
Marvin Jones,9.4706438258696,12.866666666666665,4.455555555555556
Michael Crabtree,8.7626360133696,11.083333333333334,8.18
Michael Floyd,6.751893825869599,7.44,5.200000000000001
Michael Thomas,8.2411516383696,9.74,11.5
Mike Evans,11.3612688258696,13.779999999999998,12.29090909090909
Mike Wallace,8.1884172633696,9.483333333333333,7.1899999999999995
Mohamed Sanu,6.351014919619599,5.7,5.955555555555555
Nelson Agholor,5.818300075869599,4.92,2.811111111111111
Odell Beckham,10.3856828883696,12.35,12.150000000000002
Phillip Dorsett,5.534608669619599,5.266666666666667,3.7999999999999994
Pierre Garcon,7.180604763369599,6.116666666666667,8.54
Quincy Enunwa,7.473085232119599,6.6000000000000005,7.13
Quinton Patton,4.953553982119599,2.9000000000000004,3.342857142857143
Randall Cobb,7.982362575869599,7.3,7.3999999999999995
Rishard Matthews,6.160096950869599,6.7,10.629999999999999
Robert Woods,6.388124294619599,5.1000000000000005,5.328571428571427
Seth Roberts,5.375917263369599,5.233333333333333,4.255555555555556
Sterling Shepard,7.205995388369599,7.033333333333332,7.720000000000001
Steve Smith,7.960878200869599,7.4,8.100000000000001
T.Y. Hilton,10.5429094508696,12.266666666666666,10.72
Tajae Sharpe,5.566346950869599,3.1666666666666665,5.6625000000000005
Tavon Austin,7.203065700869599,5.8999999999999995,5.933333333333334
Ted Ginn,4.934266872744599,3.116666666666667,8.63
Terrance Williams,6.714784450869599,7.0200000000000005,4.63
Terrelle Pryor,9.5966203883696,11.506666666666666,6.540000000000001
Travis Benjamin,7.972596950869599,7.833333333333333,4.8
Tyler Boyd,5.450136013369599,3.7000000000000006,4.789999999999999
Tyreek Hill,4.608827419619599,4.0200000000000005,10.718181818181817
Tyrell Williams,7.467714138369599,8.433333333333332,9.73
Victor Cruz,6.836854763369599,6.32,3.8749999999999996
Will Fuller,8.1513078883696,8.940000000000001,3.5374999999999996
A.J. Green,10.7655657008696,13.280000000000001,7.763636363636365
Adam Humphries,6.735292263369599,5.159999999999999,3.1700000000000004
Adam Thielen,8.8036516383696,7.6499999999999995,10.28
Albert Wilson,5.226991482119599,4.48,7.371428571428571
Aldrick Robinson,5.205995388369599,4.26,2.0875
Alshon Jeffery,7.590272732119599,7.283333333333334,9.911111111111111
Antonio Brown,12.0409563258696,13.666666666666666,15.6625
Bennie Fowler,5.518007107119599,5.2,3.857142857142857
Brandin Cooks,8.2479875758696,10.033333333333333,9.4
Brandon Coleman,5.013612575869599,5.6000000000000005,2.8000000000000003
Brandon LaFell,4.888124294619599,2.16,5.636363636363636
Brice Butler,5.051210232119599,6.540000000000001,3.4
Cole Beasley,5.479432888369599,4.58,3.25
Cooper Kupp,6.306093044619599,6.416666666666667,8.488888888888889
Cordarrelle Patterson,4.506776638369599,5.9399999999999995,2.8111111111111113
Danny Amendola,7.475526638369599,7.340000000000001,4.119999999999999
Davante Adams,8.5575578883696,10.65,10.575000000000001
DeAndre Hopkins,10.1268938258696,12.366666666666667,15.511111111111111
DeSean Jackson,7.437440700869599,8.14,5.322222222222221
Demaryius Thomas,8.4765032008696,7.2,7.9
Devin Funchess,7.623964138369599,8.083333333333334,8.35
Dez Bryant,8.4599016383696,8.88,6.636363636363637
Donte Moncrief,5.642030544619599,5.016666666666667,4.2
Doug Baldwin,7.752382107119599,6.82,10.200000000000001
Emmanuel Sanders,7.997987575869599,7.720000000000001,4.128571428571429
Eric Decker,5.898378200869599,3.766666666666667,4.4111111111111105
Golden Tate,8.2313860133696,8.200000000000001,8.129999999999999
JJ Nelson,6.680604763369599,8.14,2.644444444444445
Jamison Crowder,4.872011013369599,1.8399999999999999,8.510000000000002
Jaron Brown,7.174257107119599,6.68,4.2555555555555555
Jarvis Landry,9.3993547633696,7.7,9.954545454545455
Jeremy Maclin,6.013612575869599,5.58,4.871428571428572
Jermaine Kearse,6.951112575869599,7.983333333333333,6.31
Jordy Nelson,8.9823625758696,13.0,2.1333333333333333
JuJu Smith-Schuster,5.921815700869599,6.24,12.812500000000002
Julio Jones,7.932557888369599,7.340000000000001,11.563636363636364
Keelan Cole,3.5523088649320993,0.9400000000000001,8.61
Keenan Allen,9.1132219508696,8.433333333333335,12.559999999999999
Kelvin Benjamin,7.268007107119599,7.183333333333334,5.5125
Kendall Wright,6.357362575869599,5.92,4.199999999999999
Kenny Stills,5.726991482119599,5.659999999999999,8.036363636363637
Larry Fitzgerald,9.9227922633696,10.416666666666666,8.794
Marqise Lee,7.188417263369599,6.16,8.442857142857143
Marquise Goodwin,5.973085232119599,4.583333333333333,9.455555555555556
Martavis Bryant,5.984315700869599,5.183333333333333,5.488888888888889
Marvin Jones,7.049745388369599,7.666666666666667,11.809999999999999
Michael Campanaro,3.4191301539945993,1.2333333333333334,3.35
Michael Crabtree,8.5839250758696,12.080000000000002,7.057142857142858
Michael Thomas,8.5809953883696,8.82,10.036363636363635
Mike Evans,9.4852922633696,11.02,7.5
Mike Wallace,5.562440700869599,5.05,7.655555555555556
Nelson Agholor,7.021425075869599,9.35,6.9399999999999995
Paul Richardson,6.247499294619599,6.56,7.349999999999999
Randall Cobb,7.184022732119599,6.319999999999999,6.644444444444444
Ricardo Louis,5.763124294619599,3.8166666666666664,2.56
Rishard Matthews,7.287538357119599,6.833333333333333,7.7749999999999995
Robby Anderson,6.703065700869599,5.933333333333334,10.14
Robert Woods,6.526796169619599,5.166666666666666,12.716666666666667
Roger Lewis,4.270204372744599,3.54,3.988888888888889
Russell Shepard,4.096620388369599,3.18,2.0333333333333337
Ryan Grant,5.411561794619599,5.56,4.863636363636363
Sammy Watkins,5.966737575869599,6.840000000000001,8.122222222222222
Seth Roberts,4.970643825869599,3.94,3.088888888888889
Stefon Diggs,9.0419328883696,12.66,7.877777777777778
Sterling Shepard,6.875917263369599,6.720000000000001,9.26
T.J. Jones,5.303895778994599,3.46,4.766666666666667
T.Y. Hilton,8.0311907008696,8.750000000000002,6.610000000000001
Tavon Austin,3.0780657008695993,2.1166666666666667,1.942857142857143
Taywan Taylor,3.8749407008695993,3.65,1.6428571428571428
Ted Ginn,6.031190700869599,7.279999999999999,7.019999999999999
Terrance Williams,5.577089138369599,3.599999999999999,4.029999999999999
Torrey Smith,5.224550075869599,4.45,4.0
Travis Benjamin,5.551210232119599,5.62,6.220000000000001
Trent Taylor,4.657655544619599,2.8333333333333335,4.0
Tyler Lockett,5.654237575869599,4.52,4.6090909090909085
Tyreek Hill,7.934511013369599,8.75,12.41111111111111
Tyrell Williams,6.031190700869599,5.45,6.209999999999999
Adam Humphries,5.386659450869599,3.7399999999999998,8.545454545454545
Adam Thielen,13.1151750758696,15.866666666666667,9.709999999999999
Allen Hurns,4.166688747744599,2.88,3.8714285714285714
Allen Robinson,7.830995388369599,8.02,7.2749999999999995
Amari Cooper,7.042421169619599,6.9799999999999995,11.733333333333334
Antonio Brown,11.1757219508696,13.966666666666669,15.100000000000001
Antonio Callaway,6.431093044619599,5.0600000000000005,6.225
Brandin Cooks,9.5311907008696,11.620000000000001,10.510000000000002
Calvin Ridley,8.7059953883696,14.440000000000001,7.0600000000000005
Chester Rogers,7.344667263369599,5.959999999999999,3.5749999999999997
Chris Conley,4.264589138369599,3.3000000000000003,4.949999999999999
Chris Godwin,7.495057888369599,9.38,7.7299999999999995
Chris Hogan,5.452089138369599,5.683333333333334,6.183333333333334
Chris Moore,3.4207170680570993,1.4000000000000001,2.255555555555555
Christian Kirk,6.552186794619599,6.383333333333334,7.033333333333334
Cole Beasley,6.851991482119599,6.900000000000001,4.38
Cordarrelle Patterson,4.371034450869599,4.433333333333334,5.428571428571429
Corey Davis,7.944276638369599,7.416666666666667,7.409999999999999
Courtland Sutton,5.505311794619599,4.633333333333334,6.65
D.J. Moore,4.671815700869599,4.5600000000000005,7.2
Danny Amendola,5.627382107119599,3.5,5.268888888888888
Davante Adams,11.8319719508696,15.283333333333333,13.877777777777776
DeAndre Hopkins,11.2167375758696,13.5,13.75
DeSean Jackson,9.2421282008696,13.760000000000002,5.928571428571428
Dede Westbrook,7.563417263369599,8.200000000000001,5.83
Demaryius Thomas,7.762636013369599,8.5,5.8375
Devin Funchess,7.907167263369599,8.64,5.099999999999999
Donte Moncrief,7.161073513369599,6.9799999999999995,5.6000000000000005
Emmanuel Sanders,9.9491594508696,12.233333333333334,8.97
Golden Tate,10.3837297633696,12.4,4.489999999999999
Jarvis Landry,9.0155657008696,7.533333333333334,8.892
Jermaine Kearse,5.473817653994599,3.3,3.8
John Brown,8.3495500758696,10.133333333333331,4.566666666666666
Jordy Nelson,6.927675075869599,8.383333333333335,5.175
JuJu Smith-Schuster,10.4296282008696,11.35,11.58
Julio Jones,11.3183000758696,11.983333333333334,14.1
Keelan Cole,6.996522732119599,6.266666666666667,2.7
Keenan Allen,8.7206438258696,8.666666666666666,12.122222222222222
Kelvin Benjamin,5.062928982119599,3.4333333333333336,3.3428571428571425
Kendrick Bourne,4.833436794619599,4.8,5.4111111111111105
Kenny Golladay,9.4931047633696,12.16,7.63
Kenny Stills,6.166932888369599,7.6000000000000005,5.535555555555556
Laquon Treadwell,5.403749294619599,4.000000000000001,1.525
Larry Fitzgerald,5.797303982119599,3.5833333333333326,9.318
Michael Crabtree,8.2899797633696,7.716666666666666,3.5999999999999996
Michael Gallup,3.7645891383695993,1.8166666666666664,5.7555555555555555
Michael Thomas,11.1864641383696,13.180000000000001,11.327272727272726
Mike Evans,10.2284563258696,12.88,12.18181818181818
Mike Williams,6.101503200869599,7.433333333333333,9.059999999999999
Mohamed Sanu,6.887636013369599,7.983333333333333,6.65
Nelson Agholor,7.616639919619599,6.449999999999999,6.966666666666667
Odell Beckham,10.4481828883696,10.296666666666665,15.26
Quincy Enunwa,7.393495388369599,6.539999999999999,3.2399999999999998
Rashard Higgins,6.028261013369599,6.08,6.1000000000000005
Robby Anderson,5.919862575869599,6.683333333333334,8.287500000000001
Robert Woods,9.9315813258696,13.133333333333335,10.079999999999998
Ryan Grant,6.586854763369599,5.5,0.9142857142857144
Ryan Switzer,3.8041399196195993,2.35,2.1444444444444444
Seth Roberts,5.073182888369599,3.96,4.21
Stefon Diggs,9.7528703883696,10.966666666666667,10.722222222222221
Sterling Shepard,7.705995388369599,7.683333333333334,6.839999999999999
Tajae Sharpe,4.027040310244599,3.283333333333333,5.1
Taylor Gabriel,8.0233782008696,9.18,3.9
Taywan Taylor,5.729432888369599,4.4399999999999995,4.057142857142858
Tyler Boyd,9.5106828883696,11.666666666666666,9.3875
Tyler Lockett,7.692323513369599,11.299999999999997,9.56
Tyreek Hill,10.6229875758696,16.066666666666666,14.459999999999999
Tyrell Williams,6.311464138369599,8.416666666666666,5.144444444444445
Willie Snead,7.280214138369599,6.216666666666666,4.387499999999999
Zach Pascal,5.389100857119599,3.84,3.4333333333333336
Zay Jones,5.429628200869599,4.316666666666666,9.033333333333333
A.J. Brown,5.747987575869599,6.55,12.579999999999998
Adam Humphries,5.204774685244599,3.1666666666666665,5.083333333333334
Alex Erickson,4.130311794619599,2.12,4.264000000000001
Allen Robinson,9.1141985133696,9.94,9.745454545454544
Amari Cooper,9.6122453883696,13.58333333333333,9.555555555555555
Auden Tate,6.966249294619599,6.0200000000000005,4.485714285714287
Brandin Cooks,7.134706325869599,7.566666666666667,5.016666666666667
Calvin Ridley,7.718690700869599,9.716666666666667,10.528571428571428
Chris Conley,5.947206325869599,6.0600000000000005,7.720000000000001
Chris Godwin,11.5136125758696,17.033333333333335,10.737499999999999
Cole Beasley,7.434511013369599,5.340000000000001,8.709999999999999
Cooper Kupp,11.0321672633696,12.766666666666666,11.1
Cordarrelle Patterson,2.8228166774320993,1.6600000000000001,1.4714285714285715
Corey Davis,6.094178982119599,5.9399999999999995,4.711111111111111
Courtland Sutton,8.8934953883696,10.949999999999998,8.472000000000001
Curtis Samuel,7.529237575869599,8.549999999999999,6.639999999999999
D.J. Moore,8.3934953883696,8.166666666666666,10.499999999999998
D.K. Metcalf,6.622987575869599,7.666666666666668,9.011111111111111
DJ Chark,9.5487688258696,13.799999999999999,7.555555555555555
DeAndre Hopkins,8.9452532008696,8.366666666666667,12.482222222222223
Dede Westbrook,7.073182888369599,5.766666666666667,5.788888888888888
Deebo Samuel,5.366639919619599,4.319999999999999,10.850000000000001
Demarcus Robinson,7.169862575869599,9.22,2.85
Diontae Johnson,5.901307888369599,5.3,6.630000000000001
Emmanuel Sanders,7.055604763369599,7.116666666666666,7.236363636363635
Geronimo Allison,5.491151638369599,5.0200000000000005,1.5888888888888888
Hunter Renfrow,4.603456325869599,2.02,9.3
Jamison Crowder,7.526307888369599,5.5200000000000005,8.372727272727273
Jarius Wright,4.301942653994599,2.3,1.5100000000000002
Jarvis Landry,7.784120388369599,7.483333333333333,10.95
John Brown,8.6171282008696,9.08,10.242
Josh Gordon,6.459901638369599,5.800000000000001,2.38
JuJu Smith-Schuster,7.138612575869599,7.333333333333333,4.533333333333334
Julian Edelman,9.3309953883696,9.846666666666666,9.52
Julio Jones,9.5302141383696,11.799999999999999,11.588888888888889
Keenan Allen,10.0321672633696,11.433333333333332,8.89
Kendrick Bourne,3.3627336696195993,1.4,5.880000000000001
Kenny Golladay,9.4042375758696,12.08,11.145454545454545
Larry Fitzgerald,8.8173235133696,9.116666666666667,4.7700000000000005
Marquez Valdes-Scantling,6.332460232119599,5.866666666666667,4.58
Marquise Brown,8.3808000758696,10.12,5.533333333333333
Marvin Jones,6.991639919619599,7.160000000000001,12.0125
Mecole Hardman,6.801698513369599,7.840000000000001,5.366666666666666
Michael Thomas,11.6327532008696,13.533333333333333,14.439999999999998
Mike Evans,10.6903703883696,14.079999999999998,13.328571428571427
Mike Williams,7.289979763369599,6.0600000000000005,8.2
Mohamed Sanu,7.181093044619599,6.216666666666668,3.0888888888888886
Nelson Agholor,7.585878200869599,7.8,2.8
Odell Beckham,8.5868547633696,8.316666666666668,7.739999999999999
Randall Cobb,6.160585232119599,5.619999999999999,7.18
Robby Anderson,6.540956325869599,6.319999999999999,6.972727272727273
Robert Woods,7.989198513369599,7.8999999999999995,10.61111111111111
Stefon Diggs,7.854432888369599,10.633333333333335,9.47777777777778
Ted Ginn,5.980409450869599,5.58,3.5
Terry McLaurin,9.5331438258696,14.160000000000002,7.011111111111111
Tyler Boyd,9.1034563258696,7.983333333333334,8.500000000000002
Tyler Lockett,8.6356828883696,10.483333333333334,10.033333333333333
Will Fuller,8.8827532008696,10.4,4.5200000000000005